CREATE DATABASE VRAJ_PATEL;
USE VRAJ_PATEL;

CREATE TABLE EMPLOYEE(EMP_NO INT(3), EMP_NAME VARCHAR(30), EMP_SAL INT(8), EMP_COMM INT(6), DEPT_NO INT(3), HIRE_DATE DATE);
ALTER TABLE EMPLOYEE ADD PRIMARY KEY(EMP_NO);

INSERT INTO EMPLOYEE VALUES('101','SMIT','800',NULL, '20','2003-03-15');
INSERT INTO EMPLOYEE VALUES('102','SNEHAL','1600','300', '25','2005-01-21');
INSERT INTO EMPLOYEE VALUES('103','ADAMA','1100','0', '20','2000-11-17');
INSERT INTO EMPLOYEE VALUES('104','AMAN','3000',NULL, '15','1999-12-17');
INSERT INTO EMPLOYEE VALUES('105','ANITA','5000','50000', '10','2008-03-27');
INSERT INTO EMPLOYEE VALUES('106','SNEHA','2450','24500', '10','2002-03-31');
INSERT INTO EMPLOYEE VALUES('107','ANAMIKA','2975',NULL , '15','1998-09-5');

SELECT * FROM EMPLOYEE;

ALTER TABLE JOB ADD PRIMARY KEY(JOB_ID);
INSERT INTO JOB VALUES('IT_PROG', 'PROGRAMMER', '20000', '30000', '25');
INSERT INTO JOB VALUES('MK_MGR', 'MARKETING MANAGER', '25000', '30000', '10');
INSERT INTO JOB VALUES('FI_MGR', 'FINANCE MANAGER', '21000', '25000', '20');
INSERT INTO JOB VALUES('FI_ACC', 'ACCOUNT', '10000', '20000', '20');
INSERT INTO JOB VALUES('SEL', 'SALES MAN', '6000', '10000', '15');
INSERT INTO JOB VALUES('COMP_OP', 'COMPUTER OPERATOR', '10000', '15000', '25');

SELECT * FROM JOB;

CREATE TABLE DEPARTMENT(DEPT_NO INT(3), DEPT_NAME VARCHAR(15), DEPT_CITY VARCHAR(15), MANAGER_NO INT(3));
ALTER TABLE DEPARTMENT ADD PRIMARY KEY(DEPT_NO);

INSERT INTO DEPARTMENT VALUES('10', 'MARKETING', 'ANDHERI', '1011');
INSERT INTO DEPARTMENT VALUES('15', 'SELL', 'VIRAR', '1051');
INSERT INTO DEPARTMENT VALUES('20', 'FINANCE', 'VILLEPARLE', '1101');
INSERT INTO DEPARTMENT VALUES('25', 'IT', 'ANDHERI', '1151');

SELECT * FROM DEPARTMENT;

CREATE TABLE MANAGER(MANAGER_NO INT(3), MANAGER_NAME VARCHAR(15), EMP_NO INT(3));
ALTER TABLE MANAGER ADD PRIMARY KEY(MANAGER_NO);

INSERT INTO MANAGER VALUES('1011', 'MARKETING', '101');
INSERT INTO MANAGER VALUES('1051', 'SELL', '105');
INSERT INTO MANAGER VALUES('1151', 'FINANCE', '115');
INSERT INTO MANAGER VALUES('1101', 'IT', '110');

SELECT * FROM MANAGER;